path,transcription
00000.mp4,i live in a house near the mountains i have two brothers and one sister
00001.mp4,my family is very important to me we do lots of things together
00002.mp4,maybe im difficult to love and thats why someone who is not in the best way
00003.mp4,um are part of me sending myself that just you know does not recruit them just that they just not recruit you yes priorities change
00004.mp4,no problem man turn serious for next twenty minutes just to leave apart this isnt really started when i finished it like that and i got again and there was not exact pain to
00005.mp4,on earth is to deliver a completely rich level of bias that were looking for
00006.mp4,i dont know what ended up happening with mary she could i think she went outside maybe she could she would walk by or something
00007.mp4,but once you get into that the stage is very little stage when youre personally going to be able to
00008.mp4,nice laughing someone who talks friends a lot of events actually intimidated
00009.mp4,constantly jasons car had come over hitting and she had eleven known i think that coopers were
00010.mp4,chief articles which shut down apparently the body in fact flying indoor weight but nobody asked what they were doing indoor weight they were using the weight and the air care space of if a chemical effect another
00011.mp4,most of it came along and my tests were getting at me whats going on here so i waited another day they still didnt come in so now i was like look it was problem here
00012.mp4,and my problem with that is because were waiting for a test to come in and that was march fourth they were supposed to come in and i did wheres my refund thats a federal test
00013.mp4,her daughter brought her own to go to her back to her s u v and then she drove back so now her her daughters back but she actually have to look at the
00014.mp4,she ended up i guess he made her wait for me to go outside again you know she was like youre not going to talk like
00015.mp4,so maybe theyll come for something well have to say about that but anyway um ive never done those events before
00016.mp4,rabbit at the moment jolly nice guy in the bath standing on john fishers execution smell thats what was happening to me
00017.mp4,ok its a product its a project its a machine its the right kind of product thats come back for so and
00018.mp4,want to get into the criminal court international criminal court implant and then we get to this airport and presentation
00019.mp4,but thankfully because the girls were already there i tend to say hey my girls come in there because theyre waiting for me and even trust me
00020.mp4,thats the thing about raw meat is like it just takes out a huge chunk of your day and so its a lot of the things i had a lot of fun playing out in there i play which is absolutely torture
00021.mp4,im very excited all of us here were very grateful that we have
00022.mp4,all right just finish up the round or the boys we decide to place the holes to go theres my thirty day lets start ok certainly for the game for twenty
00023.mp4,which is which are low range you know on this and then use i think three of the right angles i was some we can go three f fifty
00024.mp4,they were like ok couldnt you know they were he was like just split up with them and we got in and we also just started and it was just ten months and i eventually left
00025.mp4,she end up being happy because having a home and im just going to the restroom and
00026.mp4,im going to make the video we got we got all traded tomorrow so if you want to contact our first ever time in australia and i know weve got traded fans and i know weve also got traded people dont like us so who are
00027.mp4,and you have done much better im im very sure of my potential and a very as to if you complete
00028.mp4,it just yesterday did you know attend our highlands using imos and other writers
00029.mp4,if i were to ask you if youre happy and youre progressing in our everyday lives i mean this is literally growing up
00030.mp4,im constantly questioning myself i am constantly questioning my work im constantly hearing that maybe i am not self
00031.mp4,about a half hour after her party as a pain i dont know if she would she
00032.mp4,thats why probably taste different anyways i tried this water let me try it again for you guys its actually not bad it kind of has like a little little bit of sweetness to it
00033.mp4,i thought it was love and like part of my anxiety during this time is the fact that
00034.mp4,that is in one space which is like forty five minutes to an hour the other way which is actually in the same city where she has relatives or we have relative space because relatives
00035.mp4,being in the military because i do i do all taxes national blog my business is not complicated like if they do a company for me i want to go to that actual house but for now im fine the situation is my all taxes
00036.mp4,if i were to ask you to look here you have done your best up until now the fundamental
00037.mp4,okay so thats thats kind of whats happening and i want i want to follow the chronology down with the um
00038.mp4,but i did this scene it would walk by she was like burning and burning i dont know why she eventually got over it
00039.mp4,i dont think most of us if a lot of us would analyze the shame and say look we havent done that yet and thats a valid retrospection of that we have reason to think about
00040.mp4,because i was doing it strictly life is going out of fashion and those guys i worked with the folk and they were very talented people wonderful
00041.mp4,but here we had the study in malaysia and it wasnt that bad actually it tasted completely different in the study in north america obviously because they have different bottling facilities so the water doesnt come from the same place
00042.mp4,and its going to be fifty dollars which after i use it im trying to confirm that its going to have all the time you need to get a chart of those checks off this fuck is up
00043.mp4,then were going to get into the announcement sentence lay and then were going to get into mercy and claire the role that he played
00044.mp4,make sure you watch the next video and we weve also got more stuff now we dont got more stuff to come from scotland we go back to china and we go to many other countries and of course we see travel channel subscribe
00045.mp4,a whole bunch of different things and im trying to follow that chronology a little bit but so i dont know how many important events there are between may two thousand and twenty one so may twenty seventh two thousand twenty one and
00046.mp4,the thing that was bothering me about those that i believe that i kind of delayed it a little bit was because i didnt want to check for that instead of just paying for it or being in the voice later or whatever
00047.mp4,i still had fun you know im not going to put myself up because i think the show plays coming off i dont think i played over like three months so im also happy with shots i got a lot of good shots
00048.mp4,theres the next move coming down by one so im thinking s t d jewels im probably going to talk about sign confidence in
